Relationship,Left_Code,Right_Code,N_Studies,N_Controlled_or_Ablation,N_RL3_or_RL4,Evidence_Strength,Example_Paper_IDs,Rubric_Note
repository_context_to_compilation,C3,E1,3,2,3,STRONG,P005;P034;P035,STRONG if >=2 controlled/ablation OR (1 controlled + RL3/4 corroboration with >=2 total); MODERATE if 1 controlled or >=2 descriptive; LIMITED if 1 descriptive; ABSENT if 0
repository_context_to_coverage,C3,E3,19,12,12,STRONG,P005;P006;P010;P018;P027;P031;P032;P034,STRONG if >=2 controlled/ablation OR (1 controlled + RL3/4 corroboration with >=2 total); MODERATE if 1 controlled or >=2 descriptive; LIMITED if 1 descriptive; ABSENT if 0
repository_context_to_mutation,C3,E4,4,4,3,STRONG,P010;P018;P031;P042,STRONG if >=2 controlled/ablation OR (1 controlled + RL3/4 corroboration with >=2 total); MODERATE if 1 controlled or >=2 descriptive; LIMITED if 1 descriptive; ABSENT if 0
repository_context_to_real_bugs,C3,E5,1,1,0,MODERATE,P010,STRONG if >=2 controlled/ablation OR (1 controlled + RL3/4 corroboration with >=2 total); MODERATE if 1 controlled or >=2 descriptive; LIMITED if 1 descriptive; ABSENT if 0
compiler_feedback_to_compilation,F1,E1,7,5,4,STRONG,P005;P008;P012;P017;P024;P026;P034,STRONG if >=2 controlled/ablation OR (1 controlled + RL3/4 corroboration with >=2 total); MODERATE if 1 controlled or >=2 descriptive; LIMITED if 1 descriptive; ABSENT if 0
runtime_feedback_to_execution,F2,E2,9,7,5,STRONG,P004;P005;P008;P012;P016;P017;P024;P026,STRONG if >=2 controlled/ablation OR (1 controlled + RL3/4 corroboration with >=2 total); MODERATE if 1 controlled or >=2 descriptive; LIMITED if 1 descriptive; ABSENT if 0
coverage_feedback_to_coverage,F3,E3,11,10,6,STRONG,P002;P005;P009;P016;P023;P025;P031;P032,STRONG if >=2 controlled/ablation OR (1 controlled + RL3/4 corroboration with >=2 total); MODERATE if 1 controlled or >=2 descriptive; LIMITED if 1 descriptive; ABSENT if 0
coverage_feedback_to_mutation,F3,E4,2,2,2,STRONG,P031;P037,STRONG if >=2 controlled/ablation OR (1 controlled + RL3/4 corroboration with >=2 total); MODERATE if 1 controlled or >=2 descriptive; LIMITED if 1 descriptive; ABSENT if 0
mutation_feedback_to_mutation,F4,E4,2,2,0,STRONG,P011;P043,STRONG if >=2 controlled/ablation OR (1 controlled + RL3/4 corroboration with >=2 total); MODERATE if 1 controlled or >=2 descriptive; LIMITED if 1 descriptive; ABSENT if 0
mutation_feedback_to_real_bugs,F4,E5,1,1,0,MODERATE,P011,STRONG if >=2 controlled/ablation OR (1 controlled + RL3/4 corroboration with >=2 total); MODERATE if 1 controlled or >=2 descriptive; LIMITED if 1 descriptive; ABSENT if 0
program_analysis_context_to_coverage,C2,E3,11,9,7,STRONG,P002;P008;P009;P013;P015;P022;P023;P028,STRONG if >=2 controlled/ablation OR (1 controlled + RL3/4 corroboration with >=2 total); MODERATE if 1 controlled or >=2 descriptive; LIMITED if 1 descriptive; ABSENT if 0
repository_context_to_executability,C3,E2,3,2,3,STRONG,P005;P006;P031,STRONG if >=2 controlled/ablation OR (1 controlled + RL3/4 corroboration with >=2 total); MODERATE if 1 controlled or >=2 descriptive; LIMITED if 1 descriptive; ABSENT if 0
deterministic_repair_to_compilation,R6,E1,2,1,2,STRONG,P005;P035,STRONG if >=2 controlled/ablation OR (1 controlled + RL3/4 corroboration with >=2 total); MODERATE if 1 controlled or >=2 descriptive; LIMITED if 1 descriptive; ABSENT if 0
mutation_repair_to_mutation,R5,E4,2,2,0,STRONG,P011;P043,STRONG if >=2 controlled/ablation OR (1 controlled + RL3/4 corroboration with >=2 total); MODERATE if 1 controlled or >=2 descriptive; LIMITED if 1 descriptive; ABSENT if 0
coverage_repair_to_coverage,R4,E3,9,9,4,STRONG,P002;P009;P016;P023;P025;P032;P033;P037,STRONG if >=2 controlled/ablation OR (1 controlled + RL3/4 corroboration with >=2 total); MODERATE if 1 controlled or >=2 descriptive; LIMITED if 1 descriptive; ABSENT if 0
human_feedback_to_industrial_evidence,F7,E6,2,0,2,MODERATE,P005;P045,STRONG if >=2 controlled/ablation OR (1 controlled + RL3/4 corroboration with >=2 total); MODERATE if 1 controlled or >=2 descriptive; LIMITED if 1 descriptive; ABSENT if 0
