Statistic,Count,Fraction,Percent,Denominator
studies_year_2022,1,1/64,1.6%,64
studies_year_2023,1,1/64,1.6%,64
studies_year_2024,21,21/64,32.8%,64
studies_year_2025,24,24/64,37.5%,64
studies_year_2026,17,17/64,26.6%,64
realism_RL0,1,1/64,1.6%,64
realism_RL1,40,40/64,62.5%,64
realism_RL2,0,0/64,0.0%,64
realism_RL3,17,17/64,26.6%,64
realism_RL4,6,6/64,9.4%,64
context_C0,35,35/64,54.7%,64
context_C1,33,33/64,51.6%,64
context_C2,12,12/64,18.8%,64
context_C3,19,19/64,29.7%,64
context_C4,6,6/64,9.4%,64
context_C5,6,6/64,9.4%,64
feedback_F0,39,39/64,60.9%,64
feedback_F1,11,11/64,17.2%,64
feedback_F2,12,12/64,18.8%,64
feedback_F3,11,11/64,17.2%,64
feedback_F4,2,2/64,3.1%,64
feedback_F5,4,4/64,6.2%,64
feedback_F6,1,1/64,1.6%,64
feedback_F7,2,2/64,3.1%,64
repair_R0,40,40/64,62.5%,64
repair_R1,0,0/64,0.0%,64
repair_R2,11,11/64,17.2%,64
repair_R3,11,11/64,17.2%,64
repair_R4,9,9/64,14.1%,64
repair_R5,2,2/64,3.1%,64
repair_R6,4,4/64,6.2%,64
repair_R7,5,5/64,7.8%,64
evaluation_E0,1,1/64,1.6%,64
evaluation_E1,10,10/64,15.6%,64
evaluation_E2,14,14/64,21.9%,64
evaluation_E3,60,60/64,93.8%,64
evaluation_E4,12,12/64,18.8%,64
evaluation_E5,13,13/64,20.3%,64
evaluation_E6,5,5/64,7.8%,64
reports_coverage_flag,60,60/64,93.8%,64
reports_mutation_flag,12,12/64,18.8%,64
reports_real_bugs_flag,13,13/64,20.3%,64
repository_level_yes,23,23/64,35.9%,64
industrial_yes,6,6/64,9.4%,64
artifact_yes,3,3/64,4.7%,64
artifact_candidate,8,8/64,12.5%,64
origin_DR46,46,46/64,71.9%,64
origin_SHORTLIST,18,18/64,28.1%,64
ablation_yes,21,21/64,32.8%,64
controlled_yes,40,40/64,62.5%,64
verification_medium,46,46/64,71.9%,64
verification_low,18,18/64,28.1%,64
